LttTaxReliefTypeId,Name
322174759911,Vivan
781582494256,Darci
416624583311,Charita
839887997619,Louann
777283216927,Somer
471714618572,Rolf
255672668899,Talisha
465668871899,Marica
446172673282,Eura
518861461768,Tyler
838267797656,Latina
812888576728,Dorothea
391358735766,Brandon
113381785382,Gertrud
718432736441,Noble
788676785948,Nakia
557612246596,Zenobia
366683531471,Nenita
126848787695,Denver
825224817697,Afton
483439369122,Travis
693964325647,Tiana
315776512625,Jeffry
736823559917,Sidney
931256348566,Eneida
675533878262,Ralph
353432842749,Khadijah
399755633991,Christen
169837585126,Weston
664149725354,Sammie
571795576186,Larry
317721745121,Chance
295873864497,Haywood
562236393377,Alyson
685366512124,Devorah
468589893661,Ileen
888386538623,Vanita
333486378237,Socorro
668671977251,Jamila
598572242827,Bobbye
436836832144,Flora
455955111938,Dixie
465893868498,Jonelle
591533822375,Ai
138651713243,Hai
323566926533,Alejandra
729182395817,Elli
548827167564,Ardelle
759277953627,Armand
265236766964,Carolyne
446424494982,Almeda
311853729768,Houston
955644715595,Truman
792782844548,Leigha
485553667316,Laureen
522933689947,Alena
939892785544,Bobbi
795845768841,Noe
584716876586,Aline
187138397173,Loise
382414929755,Shaunta
218155763851,Florencio
933995148673,Mariette
613162255121,Delma
738814746866,Piedad
831759659485,Clorinda
539681377688,Karena
371637346543,Laure
636268467736,Denise
375563988185,Shakira
213624432648,Sandee
498161232525,Rico
756338661559,Lyndon
591694322156,Earnest
231114864257,Herman
712423568432,Jerry
399723868118,Latina
636328137236,Loreen
621266283383,Adella
423261851138,Luciano
885298367159,Yoshie
718517851226,Maritza
968144896946,Crysta
123713589476,Maryjo
941594179146,Porsche
677729349595,Shonta
578952542557,Hailey
417651994926,Paula
235282138957,Bettye
886371762429,Polly
548666239546,Jung
679919879394,Genevive
558622648892,Dianne
894632739167,Christiana
587614687969,Isidro
152485433997,Wilson
652254192868,Malcolm
225976931216,Quinton
433671477466,Maryam
586145335776,An
