LttIndividualId,DateOfBirth,FirstName,LastName,LttUniqueIdentifierId,OtherTitle,TitleTypeId,UPRN
113482485893,9/19/1977,Delma,Johnny,179813472652,Mr,5,4ad6a6ee7cd44d57ac8148dec44e9c2011f1dbc6dcb9ba133e6a8702891dd14e
135987586547,11/9/1998,Sandee,Lauren,521563161273,Mr,2,192f2c00c279e1d99fc1eab0a075848f94d6985f29807ecbe65db0eea878c852
138521296834,7/7/1988,Jamila,Darnell,538884568212,Sir,2,096f5da5daf15a6da2cb1b2c3e8a100fdf19ad8f8db9111d570fdedbefdf3431
141671124874,8/2/2006,Travis,Darcel,451833512543,Mr,2,064a18c01258cbebc29250f8c88f00a1e976b285e82e1c754760315906d4519b
155526988414,4/28/1999,Genevive,Azzie,431836223445,Mr,2,5490d14e7e5df85b6f4ecc66379e2dcf480673a54401c71624fc5530daf30bf4
156465724178,3/20/1990,Paula,Stephenie,731676551418,Sir,4,b05af935fd904ad3c14f4ee84943f4c700c1902522cfce20e20e55be6ef12f56
163917719596,12/15/1982,Laure,Mira,949761954561,Lord,6,b105095e5a36827a6aa6522de7fd726c96d013e081e8757d1293901660482ff3
171684787631,5/22/1959,Vivan,Annie,895747323277,Mr,5,fe6f81c982376c80e1505a826575ce6d4c402f47116960d5a015254bc621f774
173979641262,6/22/2009,Quinton,Marceline,789558477924,Mr,5,86251b093c0ba19de5a7d57d25d3f996acd5aa4c99c61a2ec3e56153e3e9a1cd
179356765336,4/14/1992,Jonelle,Babette,289222427823,Mr,1,22c11b88bd3af32efd9d183eefbb38512ff432ceeb816d93afa7e94fbc64ac46
194293777649,8/31/1987,Maryjo,Augusta,238632386399,Mr,5,fc1241f42cc98855d335dcb1059afc49637bea3ac6b4867814bd099f9a42457e
217331765414,3/21/2002,Rico,Lyndia,759141829836,Mrs,4,bc5ebfffe191209837f7e4ad3b731cdbbf45d7e81986db5b38ee8a2bb8e5ee8f
218576526987,8/29/1989,Flora,Willetta,959126583379,Mrs,5,954f5f045e567b6c58fe545b76f2d68dd58f175af2137e71941cbf410c52d66d
224297774811,1/31/1995,Ai,Adelle,331387311995,Mrs,3,87f19b2f7f5088f5a852726a35d414ddd2e42a4555061bd0b2daca344bdea146
245811873493,6/27/1962,Charita,Lynetta,857467251144,Miss,1,abe7d7499670e45a182ff9dea930252e2ef225e62792f77fe096b7ed23f76d7b
251217389316,6/6/1995,Nenita,Olga,888754996584,Sir,4,d5e199b1ef14df1615de686d18b86c3e08381ecc390bf9ea8056bf6ecaf8f0a4
266278161926,8/15/1967,Sammie,Coreen,172221672294,Mrs,1,cf419981a060c22fdb35282341b6dc14469fd3d6b9e6d361ceb2747b5661d218
271774241829,7/14/2003,Ardelle,Erika,883599388154,Mrs,6,095a71d59c508756aeceaa4e3ea71ac9551775c122dae0c2d599475a5245b1e3
283785474996,6/7/1965,Weston,Maryjo,743988339918,Mr,2,84be4f6f96bfe325fca47afca1556ef7f4b1d0c3d317236f57048ca84205d3aa
289118917769,1/17/2007,Malcolm,Delbert,456874487829,Mrs,3,7337651a2491428dce3b7790d85b3642f0fb59b2dbe9e2efb1e336818b18effe
293232961716,6/15/1988,Porsche,Andree,592852195793,Mr,2,7b2dd7e77c21568671191b39114e7d6f09b3c1cf0ed7f7c03a88ffc43f3161e6
296867314622,9/21/1978,Ileen,Genesis,368998979367,Mr,3,c2af3e29509ae1f71ed5ff96aa5058d05a765ec265a4ade107f6cd179710abaf
297312495495,9/1/1972,Chance,Mariko,151299764156,Sir,6,2d8c2d1858d80852fcbf2ec6f93bd126c51a5e17cad2d69d17292513c5ffb79e
314112926973,10/14/1960,Darci,Margery,624453992944,Mrs,4,25cf8530a0cf179e81052655c8e8163f75393caa87f8e3824d1548c58264baa8
322116155435,5/16/1980,Clorinda,Elayne,171112431763,Miss,6,5dea5e7bfb46fac32de045d820d0d53a0d9cff51d0692878d7218fc990022ef2
328414337949,9/3/1973,Marica,Yuko,886683695112,Mr,4,b38476995b1eabf7610e861c985b7b41acfe2fac2fbf18701465829d6c765bce
337782372538,10/8/1979,Piedad,Cornelia,527669512525,Mrs,1,7e1e459e50d7260b1f438d6c5b32b39fde959fd9d2645d2bb7dc7e3c7959285f
342711916689,12/7/1982,Gertrud,Page,553425423355,Mr,1,19580cf6673f8336c5d849ee19a76445b8336ffe17f6aebbacb0afd029f9232f
344316252995,4/15/2002,Dianne,Julieann,324422911684,Mrs,2,7bdc9bc02bf233d56041d28ae01b707ca41d213781b373d0902bb8ff1179ece0
344458243717,10/31/1969,Larry,Cyndy,998572249634,Miss,1,2dd32f758dcfeb615136265ee9d67dc02ab8f0620af78864eb78042432eb2e20
353532796449,10/27/2008,Carolyne,Hector,119174968387,Mr,6,92db593ebb2666099ecaa228448a95beed6ae5feb560a787ae503a9f2c0044e5
365176989541,6/27/1977,Devorah,Kandra,181412783857,Mr,2,7b8f736c3f238542b653be310d0de55b1bda9fe3b1b15fbc6c4a078cffb9ed6c
392483539111,1/20/1971,Yoshie,Leatrice,459887391243,Sir,3,0643b089ff58dab3f0865aee4266736dfdd7dbf79bc3c4f3d7a6f6ea08ad7da3
393321888348,7/19/1990,Nakia,Althea,864384674182,Mrs,3,26aae301f3c3af6aaa9caf20b8046d8695fbbe5bbaf71de18013003007747841
395134941597,8/14/1987,Crysta,Marco,468991227277,Mrs,6,759d6e52777728ddf1523d357144fa2614962d669e81772a905b8d4f5361d670
413516964353,2/15/1993,Polly,Johnson,886933689236,Mrs,3,36a18ab85317d4b075d8a20bbfbbe4151b7b5c4ba3ecd4b99b292b0eb63021e8
418269724437,6/8/1962,Adella,Lila,328491779954,Mrs,1,07e7cec34bc832ede2d6d9638095653584f83aa4c1a4a9f71c16573338879199
423757856855,5/30/2006,Isidro,Melia,556469656478,Sir,5,1331417b138e7defad7cf83983ceee50ae73974bbe4fc09d5f2ec4d3ef053763
427589542638,5/29/1990,Dixie,Laquanda,285273357431,Mr,2,de8fbf5467f1e184914afb09abaac01c3546ffb7fd04ffe224ae01aa674dab60
454429947739,1/5/2005,Lyndon,Nyla,943728856331,Miss,4,f641d1f37148bc15056038751dfd3e55f51a6f180a7a644d18cb7d0819ac898e
458545145318,6/29/1971,Florencio,Wesley,412932576536,Mrs,1,a341ca1d4fdfdb47922a31138713be809a69dd16211d95c56b9ff7a52eacd104
487948628419,10/10/2008,Eneida,Bettyann,635673169657,Sir,5,76582bf3b4fb05080c378dc96b629be39492ea0b776fcf2c077f3a1d895f1337
491959457991,5/3/1982,Brandon,Shara,228145366395,Mrs,6,2beb1cb5c46ea80eec4cdef51ab9e581b2058d5a324bcb7e47d8352534bab10a
511448821121,11/17/2006,Tiana,Lang,134847996482,Mr,4,8a357f48946a3e1ae18ad73c0f7c8ce6bacfcc97e33a06dc255c2edd16fa7888
519997237314,6/15/1971,Shaunta,Millicent,385723783775,Lord,1,9095679f6769da9abc8b5781a2e951e5ae6f946f261b21e9fc1e6637f1109054
531112329522,5/22/1969,Somer,Aurelia,728594337567,Lord,5,f5f70a29273a34248521182886fcee87b5f9b28e277379c31a4a673e439fae92
532251122251,7/26/1957,Houston,Elna,511977352258,Miss,4,13d78cb505d7b9a6a4a086f72fad2af736404459f238aa7f969d2a9f4df205a4
542639475725,5/14/1976,Tyler,Ollie,875751849173,Miss,3,8a29cfedd5def5c0b47965fa104d0f1421f4bbf52c2c9266971c16a58b1dbf66
568479859912,11/27/1995,Hai,Xuan,787254921147,Miss,2,d431756bad5711b591bb06ec7715937997aab4cd4022bbb0cab020493b41cc0d
569483487498,6/14/1967,Noe,Shawna,456583348746,Mrs,6,e48e8dafd163971c0a640ed43e81c7a30f87521fb914a931f10df7ef30075a05
569729159986,4/4/1962,Loreen,Myong,326719813378,Mr,4,cc8062991075d947cf1e4cfd56441b671849095ee04bef47c1678ce55261d8f3
581643712152,5/17/2000,Denver,Jessie,961194936169,Lord,6,d56a3fba255569ca8960b6ebcea961fffbbd2b12de44dbea77bfc26c9184c610
582587847444,5/16/1997,Jung,Cleo,292435984723,Mr,4,aec234ece058cb0e57e775a07e476ea58f19a91824d8f4171c5be131600e5d31
597937632755,7/6/1977,Latina,Kary,196543679916,Sir,5,d9be21626232f8dbda488cd19c46c8392e802bb7b52e107b20749f52fe7cbb4a
636525326754,10/13/1987,Socorro,Concepcion,113771858223,Miss,4,45d86f93f4420c716c891e6f0b0385a9d76bc120ae1159d1ead1f73380346e70
646977175324,9/3/2010,Maryam,Yevette,826685198154,Mr,6,d2132708e378964601dba9bb935e2154d76bd3b9bd39328d7ff10fea2e58b249
651116669938,4/6/1956,Almeda,Renato,614716544943,Mrs,5,db44d28e5da66c9b21edc7068727111d9c6ee187f18c19824f5d00fe667de2a8
657177153517,9/14/1964,Bobbi,Zola,798691178398,Mr,6,e7194518f66d0a501b32d9a33ea5cd5c0f2673b09676c62a9363e9f035ed3df4
675176995327,8/27/1971,Rolf,Nam,357867735819,Mrs,3,c209847fbaf60adba40950263f6804f8b27c4bbc9971d841740fe5e12ea9b2b0
685297423418,12/12/1989,Hailey,Lorene,759829253644,Miss,1,ef2bbb60cfb335b1e177bf5afa382096941918e420b0cdd0d74ec49a11160486
685675666717,8/14/2006,Earnest,Leia,572776164619,Sir,6,6f6036498e8276e31194f3e3cea36dcd97aa25516002650f962a43a901ae29cb
719663242219,6/14/1982,Maritza,Valentine,667995488724,Lord,1,aed343ca4db02f34a1fbfdde1251d9f653bae314bbae3b7e3a5daba3ea5c0bdf
725263563698,11/18/1988,Shonta,Jules,934829678911,Mrs,6,467f848fb279fb05b5f1289bf0165836fe4fe4ec6cb6f18b29bd932a414b75cc
733697514363,2/23/1966,Luciano,Santos,495712942265,Miss,4,1cba3f31fee7063d9a69db9f9752e8320498b966f5d861d2b587353184f6accb
739394921871,1/25/2008,Jeffry,Laci,855996641863,Mrs,3,7b577d858c7300e451b6cdfec2e4cd5519cbd8e7aba64b0c75ac28f700d0df6c
746197889471,11/21/2000,Afton,Hang,515447172562,Mrs,1,b813e8b1ce384e8cfbc579617f7dafd3c8e4a793ced4e57cd2eb155e6cee488a
756652649237,6/28/1962,Khadijah,Tiesha,857466254152,Mrs,3,af8f5fb7b832529e659cceeddb2db880e661b63b1123d49106f9a2e174053b7c
765721223197,6/12/2000,Elli,Lourdes,536551419268,Lord,2,edd6b350c49dfbe55c192757775c62c53c60ff95043239c2ce9ca34bb82f87b4
772457739499,7/31/1962,Christen,Hilde,227144116546,Mr,1,04126571d9f82de8315c546d560c14cfb23a0afe3e4a7c55df695faf2bf6c9f9
779553612376,5/7/1958,Latina,Jerilyn,411448166217,Mr,5,be5ebbe92d4abf2bf03cf36c68e55b14c5edea0687d9f7dfa5f7bb4282168b3e
781872934861,7/31/1974,Eura,Celine,455642722162,Mrs,2,2027b899a5032df26e9577a8e02f601c2aa80aca4d207b5d1ea360476ebf3b87
787131135841,5/19/2004,Christiana,Meaghan,613586223552,Miss,2,5b8e4a0cbf1b2660e4c990c4094d57a66407a0281ff32fdb255ebb2acf5598dd
812933861939,12/6/2006,Herman,Natasha,249227784467,Lord,4,b0838e2de6c7d853bb39530266a9dd21de433be09462ef6600e2f34837d4e29c
832947113897,4/24/2008,Sidney,Madelyn,359322992478,Miss,5,2f33fe0fcb9fce282d50a005fa288b209810f28276019e7ee526cefccbf6badc
838698376331,10/28/1982,Vanita,Silva,986396584311,Mrs,6,5ccb557707debfff58452a311b4f1909e1595e891c25f3fb19890c123f699008
841143315136,11/14/1986,Noble,Harland,838978796557,Mr,1,dfb57257cd7cadbae6e9e976562f1a28ea99c96da0cfdacbc52d0ea9e747ecfa
853794983113,9/19/1973,Mariette,Deadra,981425163675,Mr,3,44cd771f3ad8f99832d8ea3f616f6dfee6a6cee8ee2f6743e6993b3b19a1ac8b
884979971612,6/29/1984,Denise,Clark,951936614451,Mrs,1,d8e79f0b2a88347b9861e51565fd9af064a172601b2a81613c3aac25ff7b3372
888376969649,2/10/1981,Karena,Christin,177353948449,Sir,3,0655d9b4ecdfc62b911f96c09de33de01272724c03040d72e6d9e4d9a0a97623
897225333568,8/2/1966,Louann,Danelle,213414788989,Sir,3,ac86ebacc96cad4988209389c2fd27a510efc893884f8573cd5217ccfd79bb3b
899193138956,6/25/1991,Shakira,Shawanda,881365487184,Mr,5,e20f7d19d3a07caa72d17711d9095b452bbc2b222bb0ed3014a27f07d0b1faa6
911128533495,3/27/1972,Talisha,Susannah,626277871316,Mr,4,194762d865bb80aca64cce0889d09942ef6d37ea570370e3777cd1838bd38d16
913725893364,3/1/1963,Laureen,Gita,616679718418,Mrs,5,61ddcaa7a628a2801ab6e3d90a60be26b9635f0356d67e106e7110933cd24931
917264863152,1/13/1992,Zenobia,Elissa,884951958692,Miss,2,de9368ec0b375faa181d6a0750328181ad065fb1c1be8dc864fafc7b4ff1b097
925187153671,8/11/1967,Aline,Bev,836642568447,Miss,2,ff70533f942eff3cb10962b07f86e4c8e488b25326fa2e34ed6913b5108488bb
928842445276,5/30/1957,Jerry,Sibyl,285377758448,Mrs,4,a933de517b32996e7f00e32978e386b006ccdfd3e895d6c064fdfdf36d2e087d
929785642254,3/18/1992,Bettye,Verlene,554917477237,Lord,4,4b4b47e764a7e19815825dcfca641ea2b34eb4dae717acc6db6c3116efea4a32
937281768375,11/13/1974,Haywood,Elina,389218942537,Lord,5,1976a733935d78ad2d34510a2199c140f7582ffafc1d4589ab63c0bb4c8c625e
945473993768,12/14/1970,Loise,Fredda,113766962669,Sir,3,b98ff69af5843293b7bebed19684a38f8cd009ad8ba6519b7cac0c9d6a87bb62
951157469694,6/5/1963,Alena,Candi,416178583947,Mr,2,fdb69e02f36563d790b753f59de448befe90f895cd22369c4caa5aa97d7e8241
955485429187,5/13/1997,Alejandra,Carla,756332355744,Sir,1,7240365af881b050d8f6089bd589586415092f8b4a94ea488df6609278484ef5
958415332379,9/30/1975,Alyson,Royce,631762833688,Mrs,4,a61fb28e6a9c6b617c24184f8f899be94c30e7d36773ae20cbe2e232c48a1357
966247533585,10/25/1960,Ralph,Annelle,615928837168,Lord,3,c93ee8986728b09e3600d75396ca48f853410dd7fc5f1926d7eef282c154e937
966926211248,7/2/2007,Armand,Kimi,449215186359,Mr,2,ee9190bef2405644f32c4ddd2f1dc10c2dd4fefc4ee3c913aef759268b0d405b
972627216589,11/28/2006,Wilson,Missy,345883738341,Lord,4,d92e673fcf125609f6a7c013516e6249984ed99b7376430c0d5f77b575d36a1a
977658787388,3/5/1981,Dorothea,Gabrielle,581118169674,Lord,4,316a0a677182d4bb57ad2fc8ddc09806beb13ba4178aee29135837042cd10443
988599119111,1/17/1989,Bobbye,Maud,192991479214,Lord,6,30cd749d11f39b027d71d09c78915ca5c8a4bfe3f7f8b1d8ac73946a51e5170c
989133557616,6/3/1960,Truman,Carla,623652669181,Sir,6,b8cc141d9ce27647d563ef7f452c882efe512df2a96736f655829278d22ba065
996128793987,11/29/1961,Leigha,Kandra,885699956795,Lord,4,b179fb1b391bb21a75653c497dbb85bd0c8525c8626291b9fcec7414ecf3bffc
998622741478,12/10/2010,An,Rachelle,788889455999,Mrs,6,7dccaa0f0a758ca93fc2d716e8c584e95c6024f474ad9191e6b18655cec8124f
